"Title","Publication Date","Document Link","PDF Link","Summary"
"Health Technical Memorandum 01-05: decontamination in primary care dental practices","2013-03-26T14:39:14+0000","https://www.england.nhs.uk/publication/decontamination-in-primary-care-dental-practices-htm-01-05","https://www.england.nhs.uk/wp-content/uploads/2021/05/HTM_01-05_2013.pdf","Published 26 March 2013."
"Health Technical Memorandum 01-04: Decontamination of linen for health and social care","2013-03-20T14:39:43+0000","https://www.england.nhs.uk/publication/decontamination-of-linen-for-health-and-social-care-htm-01-04","https://www.england.nhs.uk/wp-content/uploads/2021/05/Mgmt_and_provision.pdf","Published 20 March 2013. Last updated 9 June 2016."
"Health Technical Memorandum 01-04: Decontamination of linen for health and social care","2013-03-20T14:39:43+0000","https://www.england.nhs.uk/publication/decontamination-of-linen-for-health-and-social-care-htm-01-04","https://www.england.nhs.uk/wp-content/uploads/2021/05/Engineering.pdf","Published 20 March 2013. Last updated 9 June 2016."
"Health Technical Memorandum 01-04: Decontamination of linen for health and social care","2013-03-20T14:39:43+0000","https://www.england.nhs.uk/publication/decontamination-of-linen-for-health-and-social-care-htm-01-04","https://www.england.nhs.uk/wp-content/uploads/2021/05/Social_care.pdf","Published 20 March 2013. Last updated 9 June 2016."
"Health Technical Memorandum 01-04: Decontamination of linen for health and social care","2013-03-20T14:39:43+0000","https://www.england.nhs.uk/publication/decontamination-of-linen-for-health-and-social-care-htm-01-04","https://www.england.nhs.uk/wp-content/uploads/2021/05/BS_EN14065.pdf","Published 20 March 2013. Last updated 9 June 2016."
"Health Technical Memorandum 01-06: Decontamination of flexible endoscopes","2013-03-20T14:38:49+0000","https://www.england.nhs.uk/publication/management-and-decontamination-of-flexible-endoscopes-htm-01-06","https://www.england.nhs.uk/wp-content/uploads/2021/05/HTM0106_PartA.pdf","The guidance consists of 5 parts: policy and management design and installation operational management validation and verification (including storage/drying cabinets) testing methods Published 20 March 2013. Last updated 30 June 2016."
"Health Technical Memorandum 01-06: Decontamination of flexible endoscopes","2013-03-20T14:38:49+0000","https://www.england.nhs.uk/publication/management-and-decontamination-of-flexible-endoscopes-htm-01-06","https://www.england.nhs.uk/wp-content/uploads/2021/05/HTM0106_PartB.pdf","Published 20 March 2013. Last updated 30 June 2016."
"Health Technical Memorandum 01-06: Decontamination of flexible endoscopes","2013-03-20T14:38:49+0000","https://www.england.nhs.uk/publication/management-and-decontamination-of-flexible-endoscopes-htm-01-06","https://www.england.nhs.uk/wp-content/uploads/2021/05/HTM0106_PartC.pdf","Published 20 March 2013. Last updated 30 June 2016."
"Health Technical Memorandum 01-06: Decontamination of flexible endoscopes","2013-03-20T14:38:49+0000","https://www.england.nhs.uk/publication/management-and-decontamination-of-flexible-endoscopes-htm-01-06","https://www.england.nhs.uk/wp-content/uploads/2021/05/HTM_0106_PartD.pdf","Published 20 March 2013. Last updated 30 June 2016."
"Health Technical Memorandum 01-06: Decontamination of flexible endoscopes","2013-03-20T14:38:49+0000","https://www.england.nhs.uk/publication/management-and-decontamination-of-flexible-endoscopes-htm-01-06","https://www.england.nhs.uk/wp-content/uploads/2021/05/HTM01-06_PartE.pdf","Published 20 March 2013. Last updated 30 June 2016."
"Our commitment to cleanliness","2021-08-26T12:17:04+0100","https://www.england.nhs.uk/publication/our-commitment-to-cleanliness/","https://www.england.nhs.uk/wp-content/uploads/2021/08/Commitment-to-Cleanliness-Charter-FR2.Primary-Care.pdf",""
"Our commitment to cleanliness","2021-08-26T12:17:04+0100","https://www.england.nhs.uk/publication/our-commitment-to-cleanliness/","https://www.england.nhs.uk/wp-content/uploads/2021/08/Commitment-to-Cleanliness-Charter-FR4-revised.Primary-Care.pdf",""
"Our commitment to cleanliness","2021-08-26T12:17:04+0100","https://www.england.nhs.uk/publication/our-commitment-to-cleanliness/","https://www.england.nhs.uk/wp-content/uploads/2021/08/Commitment-to-Cleanliness-Charter-FR6-revised.Primary-Care.pdf",""
"Laying the foundations for better acute mental healthcare","2021-05-28T14:55:03+0100","https://www.england.nhs.uk/publication/laying-the-foundations-for-better-acute-mental-healthcare/","https://www.england.nhs.uk/wp-content/uploads/2021/05/Laying-the-foundations.pdf","This workbook provides assistance for commissioners and providers of acute mental health services seeking to improve and develop their current services. It involves a step-by-step process of strategic analysis and modelling. Published May 2008."
"Health Technical Memorandum 01-01: Management and decontamination of surgical instruments (medical devices) used in acute care","2013-03-20T14:40:08+0000","https://www.england.nhs.uk/publication/decontamination-of-surgical-instruments-htm-01-01","https://www.england.nhs.uk/wp-content/uploads/2021/05/HTM0101PartA.pdf","Published 20 March 2013. Last updated 8 July 2016."
"Health Technical Memorandum 01-01: Management and decontamination of surgical instruments (medical devices) used in acute care","2013-03-20T14:40:08+0000","https://www.england.nhs.uk/publication/decontamination-of-surgical-instruments-htm-01-01","https://www.england.nhs.uk/wp-content/uploads/2021/05/HTM0101PartB.pdf","Published 20 March 2013. Last updated 8 July 2016."
"Health Technical Memorandum 01-01: Management and decontamination of surgical instruments (medical devices) used in acute care","2013-03-20T14:40:08+0000","https://www.england.nhs.uk/publication/decontamination-of-surgical-instruments-htm-01-01","https://www.england.nhs.uk/wp-content/uploads/2021/05/HTM0101PartC.pdf","Published 20 March 2013. Last updated 8 July 2016."
"Health Technical Memorandum 01-01: Management and decontamination of surgical instruments (medical devices) used in acute care","2013-03-20T14:40:08+0000","https://www.england.nhs.uk/publication/decontamination-of-surgical-instruments-htm-01-01","https://www.england.nhs.uk/wp-content/uploads/2021/05/HTM0101PartD.pdf","Published 20 March 2013. Last updated 8 July 2016."
"Health Technical Memorandum 01-01: Management and decontamination of surgical instruments (medical devices) used in acute care","2013-03-20T14:40:08+0000","https://www.england.nhs.uk/publication/decontamination-of-surgical-instruments-htm-01-01","https://www.england.nhs.uk/wp-content/uploads/2021/05/HTM0101PartE.pdf","Published 20 March 2013. Last updated 8 July 2016."
"Health Technical Memorandum 08-02: Lifts","2010-02-01T14:41:46+0000","https://www.england.nhs.uk/publication/design-and-maintenance-of-lifts-in-the-health-sector-htm-08-02","https://www.england.nhs.uk/wp-content/uploads/2021/05/Lifts.pdf","HTM 08-02 provides guidance on the planning, commissioning, design, maintenance and operation of lifts in the health sector. HTM 08-02 also provides supporting information that can be used in specifications for manufacturers, procurement contracts and the briefing of design teams. Published 1 February 2010. Last updated 3 June 2016."
"Health Technical Memorandum 08-03: Bedhead services","2013-03-19T14:41:22+0000","https://www.england.nhs.uk/publication/management-of-bedhead-services-in-the-health-sector-htm-08-03","https://www.england.nhs.uk/wp-content/uploads/2021/05/HTM_08-03.pdf","HTM 08-03 provides guidance on the management and design of bed spaces and in-patient areas in buildings used for health and social care purposes, sometimes described as ‘bedhead services’. Published 19 March 2013."
"Health Technical Memorandum 67: Laboratory fitting out system","2005-01-01T14:40:32+0000","https://www.england.nhs.uk/publication/design-of-laboratories-for-health-sector-buildings-htm-67","https://www.england.nhs.uk/wp-content/uploads/2021/05/HTM_67.pdf","HTM 67 provides guidance on the design, planning, specifications, engineering and commissioning of laboratories for health sector buildings. HTM 67 is mainly intended as guidance for new building work, but can also apply to the replacement of laboratories in existing buildings. Published 1 January 2005."
"Wayfinding: effective wayfinding and signing systems guidance for healthcare facilities","2021-05-21T12:09:02+0100","https://www.england.nhs.uk/publication/wayfinding-effective-wayfinding-and-signing-systems-guidance-for-healthcare-facilities","https://www.england.nhs.uk/wp-content/uploads/2021/05/Wayfinding.pdf","Details Best practice guidelines are included throughout the document, with illustrations of recommendations to follow and practices to avoid. Published 2005."
"Healthcare Premises Cost Guides (HPCGs)","2021-05-28T16:38:34+0100","https://www.england.nhs.uk/publication/healthcare-premises-cost-guides-hpcgs/","https://www.england.nhs.uk/wp-content/uploads/2021/05/Healthcare-premises-cost-guides.pdf","The HPCGs provide a cost per square metre for building and engineering services costs for different hospital departments. They are based on Health Building Notes and associated example schedules of accommodation published by the Department of Health (DH). Published 1 August 2010."
"Health Technical Memorandum 08-01: Acoustics","2013-03-19T14:42:21+0000","https://www.england.nhs.uk/publication/health-sector-buildings-acoustic-design-requirements-htm-08-01","https://www.england.nhs.uk/wp-content/uploads/2021/05/HTM_08-01.pdf","This guidance (HTM 08-01) sets out acoustic criteria for the design and management of new healthcare facilities. Acoustic design is fundamental to the quality of healthcare buildings as sound affects us both physiologically and psychologically. Unwanted noise can increase heart rate, blood pressure, respiration rate and even blood cholesterol levels, whereas pleasant sounds help create a sense of well-being. Published 19 March 2013."
"Developing an estate strategy","2021-05-21T13:01:30+0100","https://www.england.nhs.uk/publication/developing-an-estate-strategy/","https://www.england.nhs.uk/wp-content/uploads/2021/05/Developing_an_Estate_strategy.pdf","Details Provides useful ideas and principles for producing individual strategies. Published 31 March 2005."
"Enquiry by Design for Health – Design briefing for hospitals","2021-05-21T12:09:54+0100","https://www.england.nhs.uk/publication/raising-the-quality-of-design-briefing-for-hospitals","https://www.england.nhs.uk/wp-content/uploads/2021/05/Enquiry_by_Design_for_Health_-_design_briefing_for_hospitals.pdf","Details The purpose of this document (Design Briefing for Hospitals) is to make available the learning from three pilot Enquiry by Design (EbD) projects in order to inform and raise the quality of the Design Briefing Process for healthcare buildings in the future. Published 2 March 2008"
"Celebrating Achievement: Enhancing the Healing Environment Programme","2021-05-21T13:51:06+0100","https://www.england.nhs.uk/publication/celebrating-achievement-enhancing-the-healing-environment-programme","https://www.england.nhs.uk/wp-content/uploads/2021/05/EHE1.pdf","Details The document includes case studies of nine of the projects and a summary of an evaluation that was commissioned to assess the improvements to the environment, the benefits to patients and staff, and value for money. Published 1 January 2006."
"Developing bedside communications and entertainment in NHS Hospitals","2021-05-21T12:59:54+0100","https://www.england.nhs.uk/publication/developing-bedside-communications-and-entertainment-in-nhs-hospitals","https://www.england.nhs.uk/wp-content/uploads/2021/05/Developing_bedside_communications_and_entertainment.pdf","Details This report is based on the quantitative findings of the study aimed to define the relevant issues amongst patients who use the system and front line staff, such as doctors and nurses who work alongside the systems. Published 22 February 2001."
"Best practice advice: Establishing and managing backlog","2021-05-21T13:52:33+0100","https://www.england.nhs.uk/publication/best-practice-advice-establishing-and-managing-backlog","https://www.england.nhs.uk/wp-content/uploads/2021/05/Backlog_best_practice.pdf","Published 1 December 2004."
"Improving the design quality of NHS trust buildings","2021-05-21T13:50:02+0100","https://www.england.nhs.uk/publication/improving-the-design-quality-of-nhs-trust-buildings","https://www.england.nhs.uk/wp-content/uploads/2021/05/Design_brief_framework.pdf","Details The Design Brief Framework describes the practical steps project directors need to take, using existing guidance, to improve the quality of design projects. Published 27 October 2004."
"Art for health","2021-05-21T13:53:30+0100","https://www.england.nhs.uk/publication/art-for-health/","https://www.england.nhs.uk/wp-content/uploads/2021/05/Art_for_Health.pdf",""
"Enhancing privacy and dignity – achieving single sex accommodation","2021-05-21T12:10:24+0100","https://www.england.nhs.uk/publication/enhancing-privacy-and-dignity-achieving-single-sex-accommodation","https://www.england.nhs.uk/wp-content/uploads/2021/05/Enhancing_privacy___dignity.pdf","Details This report reviews the commitments made by the government in achieving single sex accommodation and examines some of the design solutions that have been proposed to achieve satisfactory solutions. Published 2002."
"Design Guide: Medium secure psychiatric units","2021-05-21T13:02:42+0100","https://www.england.nhs.uk/publication/design-guide-medium-secure-psychiatric-units","https://www.england.nhs.uk/wp-content/uploads/2021/05/Design_Guide_-_Medium_secure_psychiatric_units.pdf","Details This guidance supersedes the DHSS Design Guidelines of July 1975 on “Regional Secure Units”. It should assist those planning new medium secure units or extensions to existing ones. It takes account of experience with existing units, including an evaluation commissioned by the Department of Health, which was undertaken in the summer of 1992 by a multi-disciplinary team. Published September 1993."
"Assets in Action – An asset management guide for non-technical managers","2021-05-21T13:53:00+0100","https://www.england.nhs.uk/publication/assets-in-action-an-asset-management-guide-for-non-technical-managers","https://www.england.nhs.uk/wp-content/uploads/2021/05/Assets_in_Action.pdf","Details Asset management is a systematic approach to ensuring that the asset base of your organisation directly supports business objectives, and that the lifecycle costs of holding assets are minimised for any given service level. Published 1 January 2003."
"Land and property appraisal","2021-08-31T10:43:45+0100","https://www.england.nhs.uk/publication/land-and-property-appraisal/","https://www.england.nhs.uk/wp-content/uploads/2022/01/Land-and-Property-Appraisal.pdf",""
"Performance of healthcare cryogenic liquid oxygen systems","2021-11-18T17:13:39+0000","https://www.england.nhs.uk/publication/performance-of-healthcare-cryogenic-liquid-oxygen-systems/","https://www.england.nhs.uk/wp-content/uploads/2021/11/C0871_Performance-of-healthcare-cryogenic-liquid-oxygen-systems_18112021.pdf","Published 18 November 2021."
"Processes for managing and reporting derogations from estates technical standards and guidance","2023-07-06T09:27:10+0100","https://www.england.nhs.uk/publication/processes-for-managing-and-reporting-derogations-from-estates-technical-standards-and-guidance/","https://www.england.nhs.uk/wp-content/uploads/2023/07/PRN00494ii-schedule-derogation-guidance-june-2023.xlsx","Reporting template."
"An operational risk management strategy for trusts","2021-05-21T13:54:16+0100","https://www.england.nhs.uk/publication/an-operational-risk-management-strategy-for-trusts","https://www.england.nhs.uk/wp-content/uploads/2021/05/An_exemplar_operational_risk_management_strategy.pdf","Details This exemplar operational risk management strategy builds on the base provided by the guidance in the document ‘Risk management in the NHS’ to provide an operational risk management strategy for trusts. It emphasises the need for monitoring and auditing to ensure cost-effective solutions. Published 2 January 1997."
"An integrated approach to hospital cleaning: microfibre cloth and steam cleaning technology","2021-05-21T13:53:52+0100","https://www.england.nhs.uk/publication/an-integrated-approach-to-hospital-cleaning-microfibre-cloth-and-steam-cleaning-technology","https://www.england.nhs.uk/wp-content/uploads/2021/05/Microfibre_report_revised_Mar_08.pdf","Details Recent research concluded that both microfibre materials and steam cleaning have a proven ability to raise levels of both aesthetic and microbiological cleanliness, particularly when employed together as an integrated cleaning programme. Published 4 March 2008."
"A risk-based methodology for establishing and managing backlog","2021-05-21T13:54:36+0100","https://www.england.nhs.uk/publication/a-risk-based-methodology-for-establishing-and-managing-backlog","https://www.england.nhs.uk/wp-content/uploads/2021/05/Backlog_costing.pdf","It is essential that the physical condition of the NHS estate is accurately assessed and maintained to ensure it is fit for purpose and safe for patients and staff. This document has guidance on how to do this. Published 1 July 2004."
"A place to die with dignity: creating a supportive environment","2021-05-21T13:55:51+0100","https://www.england.nhs.uk/publication/a-place-to-die-with-dignity-creating-a-supportive-environment","https://www.england.nhs.uk/wp-content/uploads/2021/05/Die_with_dignity.pdf","The document is intended to generate new thinking around creating a compassionate and supportive environment for people nearing the end of their life. Published 1 May 2005."
"Health Building Note 16-01: Facilities for mortuaries, including body stores and post-mortem services","2023-05-10T16:47:09+0100","https://www.england.nhs.uk/publication/hbn-16-01-facilities-for-mortuaries-including-body-stores-and-post-mortem-services/","https://www.england.nhs.uk/wp-content/uploads/2023/05/PRN00284-health-building-note-16-01-facilities-for-mortuaries-including-body-stores-and-post-mortem-services.pdf",""
"Health Building Note 15-02: Facilities for same day emergency care/ambulatory emergency care","2021-05-28T16:09:40+0100","https://www.england.nhs.uk/publication/facilities-for-same-day-emergency-care-ambulatory-emergency-care-hbn-15-02/","https://www.england.nhs.uk/wp-content/uploads/2021/05/HBN-15-02-Facilities-for-same-day-emergency-care-ambulatory-emergency-care.pdf","This new Health Building Note (HBN) gives guidance on the planning and design of an SDEC department. A well-designed SDEC unit will help to manage patients effectively with minimal delays as they move through stages of care. Good patient flow is central to patient experience, clinical safety and reducing the pressure on staff. It is a key factor in providing effective healthcare."
"Health Building Note 26: Facilities for surgical procedures","2004-01-02T14:09:38+0000","https://www.england.nhs.uk/publication/facilities-for-surgical-procedures-in-acute-general-hospitals-hbn-26","https://www.england.nhs.uk/wp-content/uploads/2021/05/HBN_26.pdf","This Health Building Note (HBN 26) provides guidance on facilities for in-patient operating theatres in acute general hospitals. Published 2 January 2004."
"Health Building Note 14-02: Medicines storage in clinical areas","2021-05-28T16:16:07+0100","https://www.england.nhs.uk/publication/hbn-14-02-medicines-storage-in-clinical-areas/","https://www.england.nhs.uk/wp-content/uploads/2021/05/HBN-14-02-Medicines-storage-in-clinical-areas.pdf","This guidance was first published as a standalone chapter in Health Building Note 00-01 – ‘General design principles’ in 2012. When HBN 00-01 was revised in 2014, the chapter on medicines storage was removed to become an HBN its own right. The guidance is largely related to acute hospitals, but the general principles are the same whatever the clinical setting."
"Health Building Note 23: Hospital accommodation for children and young people","2004-01-01T14:10:17+0000","https://www.england.nhs.uk/publication/designing-hospital-accommodation-for-children-hbn-23","https://www.england.nhs.uk/wp-content/uploads/2021/05/HBN_23.pdf","This guidance is primarily intended for new-builds and upgrades of existing facilities. It replaces the previous Health Building Note 23, ‘Hospital accommodation for children and young people’ (1994). Published 1 January 2004."
"Health Building Note 14-01: Pharmacy and radiopharmacy facilities","2012-03-20T14:24:38+0000","https://www.england.nhs.uk/publication/designing-pharmacy-and-radiopharmacy-facilities-hbn-14-01","https://www.england.nhs.uk/wp-content/uploads/2021/05/HBN_14-01_Final.pdf","This guidance covers facilities for: a centralised area for the storage and distribution of medicines medicines storage and dispensing, including automated dispensing aseptic preparation of medicines non-sterile small-scale preparation and assembly of medicines office space for staff involved in purchasing medicines, managerial and administration work For hospitals with aseptic preparation facilities, this guidance applies to those that don’t require a manufacturer’s ‘specials’ licence. Published 20 March 2013."
"Health Building Note 15: Facilities for pathology services","2005-04-28T14:24:03+0100","https://www.england.nhs.uk/publication/planning-and-designing-facilities-for-pathology-services-hbn-15","https://www.england.nhs.uk/wp-content/uploads/2021/05/HBN_15.pdf","This guidance focuses on laboratory facilities within hospitals serving acute and primary care needs across a pathology network. It also looks at point-of-care testing facilities in acute and primary care settings. Published 28 April 2005."
"Health Building Note 15-01: Accident and emergency departments","2013-06-11T14:10:40+0100","https://www.england.nhs.uk/publication/planning-and-designing-accident-and-emergency-departments-hbn-15-01","https://www.england.nhs.uk/wp-content/uploads/2021/05/15_01final3_v3.pdf","This building note provides the method needed to build or redesign an accident and emergency department. It is specifically aimed at designers and senior emergency clinicians. It should be used at the beginning of the design process. This guidance replaces HBN 22 published in 2005."
"Health Building Note 13: Sterile services department","2004-01-02T14:25:02+0000","https://www.england.nhs.uk/publication/planning-and-design-of-sterile-services-departments-hbn-13","https://www.england.nhs.uk/wp-content/uploads/2021/05/HBN_13.pdf","This Health Building Note (HBN 13) provides guidance to help health planners, estates and facilities managers, sterile services managers and capital planning and design teams to plan and design a sterile services department. Published 2 January 2004."
"Health Building Note 12: Out-patients department","2004-01-01T14:25:24+0000","https://www.england.nhs.uk/publication/designing-an-out-patients-department-hbn-12","https://www.england.nhs.uk/wp-content/uploads/2021/05/HBN_12.pdf","Published 1 January 2004."
"Health Building Note 12: Out-patients department","2004-01-01T14:25:24+0000","https://www.england.nhs.uk/publication/designing-an-out-patients-department-hbn-12","https://www.england.nhs.uk/wp-content/uploads/2021/05/HBN_12-01_SuppA_DSSA.pdf","Published 1 January 2004."
"Health Building Note 11-01: Facilities for primary and community care services","2013-03-20T14:25:50+0000","https://www.england.nhs.uk/publication/facilities-for-primary-and-community-care-services-hbn-11-01","https://www.england.nhs.uk/wp-content/uploads/2021/05/HBN_11-01_Final.pdf","This document can be used for the following building types: GP surgeries and health centres primary care centres resource centres urgent care centres, including walk-in centres and minor injuries units community hospitals, also known as intermediate care hospitals It also has a supplementary paper (HBN 11-01: Supplement A). This provides resilience and emergency planning guidance for primary and community care buildings. Published 20 March 2013."
"Health Building Note 11-01: Facilities for primary and community care services","2013-03-20T14:25:50+0000","https://www.england.nhs.uk/publication/facilities-for-primary-and-community-care-services-hbn-11-01","https://www.england.nhs.uk/wp-content/uploads/2021/05/HBN_11-01_Supp_A_Final.pdf","Published 20 March 2013."
"Health Building Note 09-03: Neonatal units","2013-03-20T14:27:43+0000","https://www.england.nhs.uk/publication/neonatal-units-planning-and-design-hbn-09-03","https://www.england.nhs.uk/wp-content/uploads/2021/05/HBN_09-03_Final.pdf","This building note covers all facilities providing care for newborn babies needing more than the routine care provided in maternity units. This includes cot space provision and clinical support rooms for special care, high dependency care and intensive care. Also included are the specialist spaces needed for families, such as parents’ overnight stay rooms. Published 20 March 2013."
"Health Building Note 10-02: Day surgery facilities","2007-05-01T14:27:20+0100","https://www.england.nhs.uk/publication/facilities-for-day-surgery-units-hbn-10-02","https://www.england.nhs.uk/wp-content/uploads/2021/05/HBN_10-02.pdf","How to design a day surgery unit for patients who enter the hospital for surgery and expect to return home the same day. Published 1 May 2007."
"Health Building Note 09-02: Maternity care facilities","2013-03-20T14:29:10+0000","https://www.england.nhs.uk/publication/maternity-care-facilities-planning-and-design-hbn-09-02","https://www.england.nhs.uk/wp-content/uploads/2021/05/HBN_09-02_Final.pdf","The maternity care facilities in this guidance include: midwife-led units, often known as birth centres consultant-led units antenatal clinics and pregnancy assessment units birthing facilities and in-patient areas obstetric theatres Published 20 March 2013."
"Health Building Note 08-02: Dementia-friendly health and social care environments","2013-03-25T13:50:38+0000","https://www.england.nhs.uk/publication/dementia-friendly-health-and-social-care-environments-hbn-08-02","https://www.england.nhs.uk/wp-content/uploads/2021/05/HBN_08-02-1.pdf","The design principles and the core design features together with a selection of case studies provide guidance for the development of new design solutions and the adaptation/ extension of existing facilities. Published 25 March 2015."
"Health Building Note 07-02: Main renal unit","2013-03-20T14:30:02+0000","https://www.england.nhs.uk/publication/main-renal-unit-planning-and-design-hbn-07-02","https://www.england.nhs.uk/wp-content/uploads/2021/05/HBN_07-02_Final.pdf","This guidance includes planning and designing facilities for: haemodialysis teaching peritoneal dialysis renal in-patients renal out-patients maintenance and repair of haemodialysis machines administering renal services training patients who would like to carry out their own haemodialysis at home Published 20 March 2013."
"Health Building Note 07-01: Satellite dialysis unit","2013-03-20T14:30:29+0000","https://www.england.nhs.uk/publication/satellite-dialysis-units-planning-and-design-hbn-07-01","https://www.england.nhs.uk/wp-content/uploads/2021/05/HBN_07-01_Final.pdf","The unit described in this building note is suitable for adult patients who need haemodialysis. It also includes guidance for facilities suitable for teaching patients how to carry out tasks such as: continuous ambulatory peritoneal dialysis (CAPD) automated peritoneal dialysis (APD) operating haemodialysis machines for home haemodialysis Published 20 March 2013."
"Health Building Note 6: Designing facilities for diagnostic imaging","2001-01-01T14:30:56+0000","https://www.england.nhs.uk/publication/designing-facilities-for-diagnostic-imaging-hbn-6","https://www.england.nhs.uk/wp-content/uploads/2021/05/HBN_6_V1_DSSA.pdf","Contains information on designing a number of types of diagnostic healthcare facilities."
"Health Building Note 6: Designing facilities for diagnostic imaging","2001-01-01T14:30:56+0000","https://www.england.nhs.uk/publication/designing-facilities-for-diagnostic-imaging-hbn-6","https://www.england.nhs.uk/wp-content/uploads/2021/05/HBN_6_V2_DSSA.pdf","Reviews the environmental implications of introducing a Picture Archive and Communications System ( PACS )."
"Health Building Note 04-02: Critical care units","2013-03-20T14:32:13+0000","https://www.england.nhs.uk/publication/critical-care-units-planning-and-design-hbn-04-02","https://www.england.nhs.uk/wp-content/uploads/2021/05/HBN_04-02_Final.pdf","Guidance on designing units for critical care of patients who are classified as needing advanced or level 2 or 3 dependency care. It excludes facilities for the high-security isolation of patients, dedicated centres for burns patients and areas within the hospital where level 2 or 3 patients are managed for a short period of time. Published 20 March 2013."
"Health Building Note 04-01: Adult in-patient facilities","2009-12-01T14:03:07+0000","https://www.england.nhs.uk/publication/adult-in-patient-facilities-planning-and-design-hbn-04-01","https://www.england.nhs.uk/wp-content/uploads/2021/05/HBN_04-01_Final.pdf","Guidance on planning and designing in-patient facilities for adults, which includes: bedrooms and bathrooms patient support areas storage areas utility areas staff and administration areas Supplement 1 describes how to provide separate bedrooms and bathrooms to isolate infectious patients. Published 1 December 2009."
"Health Building Note 04-01: Adult in-patient facilities","2009-12-01T14:03:07+0000","https://www.england.nhs.uk/publication/adult-in-patient-facilities-planning-and-design-hbn-04-01","https://www.england.nhs.uk/wp-content/uploads/2021/05/HBN_04-01_Supp_1_Final.pdf","Published 1 December 2009."
"Health Building Note 03-02: Facilities for child and adolescent mental health services (CAMHS)","2021-05-21T12:08:11+0100","https://www.england.nhs.uk/publication/facilities-for-child-and-adolescent-mental-health-services-hbn-03-02","https://www.england.nhs.uk/wp-content/uploads/2021/05/Facilities_child_adolescent_mental_health_services_CAMHS_HBN0302.pdf","This guidance covers the design of child and adolescent mental health services ( CAMHS ) accommodation for children and young people aged up to 18 years. It provides full descriptions of rooms that are specific to CAMHS and are not contained in other health building notes ( HBNs ). You can use the schedule of accommodation to calculate local project-specific requirements. You can use the stakeholder needs and quality of life checklists to assess scheme compliance. Published 30 June 2017."
"Health Building Note 03-02: Facilities for child and adolescent mental health services (CAMHS)","2021-05-21T12:08:11+0100","https://www.england.nhs.uk/publication/facilities-for-child-and-adolescent-mental-health-services-hbn-03-02","https://www.england.nhs.uk/wp-content/uploads/2021/05/HBN0302_schedule_of_accomodation.xlsx","Published 30 June 2017."
"Health Building Note 03-02: Facilities for child and adolescent mental health services (CAMHS)","2021-05-21T12:08:11+0100","https://www.england.nhs.uk/publication/facilities-for-child-and-adolescent-mental-health-services-hbn-03-02","https://www.england.nhs.uk/wp-content/uploads/2021/05/HBN0302_quality_of_life_checklist.xlsx","Published 30 June 2017."
"Health Building Note 03-02: Facilities for child and adolescent mental health services (CAMHS)","2021-05-21T12:08:11+0100","https://www.england.nhs.uk/publication/facilities-for-child-and-adolescent-mental-health-services-hbn-03-02","https://www.england.nhs.uk/wp-content/uploads/2021/05/HBN0302_stakeholder_needs_checklist.xlsx","Published 30 June 2017."
"Health Building Note 03-02: Facilities for child and adolescent mental health services (CAMHS)","2021-05-21T12:08:11+0100","https://www.england.nhs.uk/publication/facilities-for-child-and-adolescent-mental-health-services-hbn-03-02","https://www.england.nhs.uk/wp-content/uploads/2021/05/HBN0302_case_studies.pdf","Published 30 June 2017."
"Health Building Note 03-02: Facilities for child and adolescent mental health services (CAMHS)","2021-05-21T12:08:11+0100","https://www.england.nhs.uk/publication/facilities-for-child-and-adolescent-mental-health-services-hbn-03-02","https://www.england.nhs.uk/wp-content/uploads/2023/11/hbn-03-02-supplement-1-vf3.pdf","HBN 03-02 does not cover low and medium secure facilities. This supplement to HBN 03-02 highlights the key additional requirements for low and medium secure environments. Much of the environmental and space requirements outlined in the main HBN 03-02 and its parent HBN 03-01 for adults, where relevant, will apply to low or medium secure units and are not repeated in this supplement. The HBN 03-01 supplement for low and medium secure adult facilities has been published at same time as this document. It is essential that this supplement be read in conjunction with the HBN 03 series of publications. Separate schedule of accommodation, activity and component schedules are provided. Published 13 November 2023."
"Health Building Note 03-02: Facilities for child and adolescent mental health services (CAMHS)","2021-05-21T12:08:11+0100","https://www.england.nhs.uk/publication/facilities-for-child-and-adolescent-mental-health-services-hbn-03-02","https://www.england.nhs.uk/wp-content/uploads/2023/11/hbn-03-02-supplement-1-soa-vf3.xlsx",""
"Health Building Note 03-02: Facilities for child and adolescent mental health services (CAMHS)","2021-05-21T12:08:11+0100","https://www.england.nhs.uk/publication/facilities-for-child-and-adolescent-mental-health-services-hbn-03-02","https://www.england.nhs.uk/wp-content/uploads/2023/11/component-hbn-03-01-hbn-03-02-supplements-vf3.docx",""
"Health Building Note 03-01: Adult acute mental health units","2013-03-20T14:32:39+0000","https://www.england.nhs.uk/publication/adult-mental-health-units-planning-and-design-hbn-03-01","https://www.england.nhs.uk/wp-content/uploads/2021/05/HBN_03-01_Final.pdf","This guidance covers planning, site selection and aspects of building design that should be considered when planning any mental health units. It supersedes Health Building Note 35 – ‘Accommodation for people with mental illness’, Part 1: ‘The acute unit’ (1996). Published 20 March 2013."
"Health Building Note 03-01: Adult acute mental health units","2013-03-20T14:32:39+0000","https://www.england.nhs.uk/publication/adult-mental-health-units-planning-and-design-hbn-03-01","https://www.england.nhs.uk/wp-content/uploads/2023/11/hbn-03-01-supplement-1-vf3.pdf","Health Building Note (HBN) 03-01 gives guidance on the design and planning of acute mental health facilities. HBN 03-01 does not cover low and medium secure facilities. This supplement to HBN 03-01 highlights the key additional requirements for low and medium secure environments. It excludes acute nonsecure in-patient facilities as these remain as described by the parent HBN 03-01. Much of the environmental and space requirements outlined in the main HBN 03-01, where relevant, will apply to low or medium secure units and are not repeated in this supplement. The HBN 03-02 supplement for low and medium secure children and young people’s (CYP) facilities has been published at the same time as this document. It is essential that this supplement be read in conjunction with the HBN 03 series of publications. Separate schedule of accommodation, activity and component schedules are provided. Published 13 November 2023."
"Health Building Note 03-01: Adult acute mental health units","2013-03-20T14:32:39+0000","https://www.england.nhs.uk/publication/adult-mental-health-units-planning-and-design-hbn-03-01","https://www.england.nhs.uk/wp-content/uploads/2023/11/hbn-03-01-supplement-1-soa-vf3.xlsx",""
"Health Building Note 03-01: Adult acute mental health units","2013-03-20T14:32:39+0000","https://www.england.nhs.uk/publication/adult-mental-health-units-planning-and-design-hbn-03-01","https://www.england.nhs.uk/wp-content/uploads/2023/11/component-hbn-03-01-hbn-03-02-supplements-vf3.docx",""
"Health Building Note 02-01: Cancer treatment facilities","2013-03-20T14:34:25+0000","https://www.england.nhs.uk/publication/cancer-treatment-facilities-planning-and-design-hbn-02-01","https://www.england.nhs.uk/wp-content/uploads/2021/05/HBN_02-01_Final.pdf","Specific guidance is included on: chemotherapy and radiotherapy units any changes required to other hospital spaces used by cancer patients Published 20 March 2013."
"Health Building Note 01-01: Cardiac facilities","2013-03-20T14:34:49+0000","https://www.england.nhs.uk/publication/designing-and-planning-cardiac-facilities-hbn-01-01","https://www.england.nhs.uk/wp-content/uploads/2021/05/HBN_01-01_Final.pdf","This building note provides guidance on the spaces needed for minor cardiac procedures and cardiac operating theatre suites. It also provides the information needed to design the support facilities that are unique to this clinical area, such as catheter laboratories. Published 20 March 2013."
"Health Building Note 00-10: Design for flooring, walls, ceilings, sanitary ware and windows","2013-03-20T14:35:21+0000","https://www.england.nhs.uk/publication/design-for-flooring-walls-ceilings-sanitary-ware-and-windows-hbn-00-10","https://www.england.nhs.uk/wp-content/uploads/2021/05/HBN_00-10_Part_A_Final.pdf","These documents outline the policy and performance requirements for flooring, walls, ceilings, sanitary assemblies and windows used in healthcare facilities Published 20 March 2013."
"Health Building Note 00-10: Design for flooring, walls, ceilings, sanitary ware and windows","2013-03-20T14:35:21+0000","https://www.england.nhs.uk/publication/design-for-flooring-walls-ceilings-sanitary-ware-and-windows-hbn-00-10","https://www.england.nhs.uk/wp-content/uploads/2021/05/HBN_00-10_Part_B_Final.pdf","Published 20 March 2013."
"Health Building Note 00-10: Design for flooring, walls, ceilings, sanitary ware and windows","2013-03-20T14:35:21+0000","https://www.england.nhs.uk/publication/design-for-flooring-walls-ceilings-sanitary-ware-and-windows-hbn-00-10","https://www.england.nhs.uk/wp-content/uploads/2021/05/HBN_00-10_Part_C_Final.pdf","Published 20 March 2013."
"Health Building Note 00-10: Design for flooring, walls, ceilings, sanitary ware and windows","2013-03-20T14:35:21+0000","https://www.england.nhs.uk/publication/design-for-flooring-walls-ceilings-sanitary-ware-and-windows-hbn-00-10","https://www.england.nhs.uk/wp-content/uploads/2021/05/20131223_HBN_00-10_PartD_FINAL_published_version.pdf","Published 20 March 2013."
"Health Building Note 00-10: Design for flooring, walls, ceilings, sanitary ware and windows","2013-03-20T14:35:21+0000","https://www.england.nhs.uk/publication/design-for-flooring-walls-ceilings-sanitary-ware-and-windows-hbn-00-10","https://www.england.nhs.uk/wp-content/uploads/2013/03/PRN00618-hbn-00-10-curtains-and-tracking-v14.pdf","Published 12 October 2023."
"Health Building Note 00-09: Infection control in the built environment","2013-03-26T14:35:44+0000","https://www.england.nhs.uk/publication/infection-control-in-the-built-environment-hbn-00-09","https://www.england.nhs.uk/wp-content/uploads/2021/05/HBN_00-09_infection_control.pdf","This building note details each stage of a project, from initial concept through to post-project evaluation, in relation to infection control. A building’s design can help infection prevention and control by providing an environment that is easy to clean and maintain. It is important that these features are designed into a project from the beginning. Published 26 March 2013."
"Health Building Note 00-08: Strategic framework for the efficient management of healthcare estates and facilities","2013-11-05T14:36:07+0000","https://www.england.nhs.uk/publication/the-efficient-management-of-healthcare-estates-and-facilities-hbn-00-08","https://www.england.nhs.uk/wp-content/uploads/2021/05/HBN_08_Part_A.pdf","These documents outline the policy and performance requirements for flooring, walls, ceilings, sanitary assemblies and windows used in healthcare facilities This building note is split into two parts. Part A outlines how efficiencies in the running of land and property can be achieved. Part B provides more detailed advice about the active management of land and buildings used for healthcare services. It includes advice on: general management of property including commercial opportunities for the benefit of patients, visitors and staff, and town planning the selling of surplus property and where required the buying of additional property Many topics in Part B will help NHS organisations to achieve the efficiencies outlined in Part A. 17 March 2015: Addendums to the building note added, providing guides to: town planning for health organisations the healthcare system in England for local planning authorities Published 5 November 2014. Last updated 19 March 2015."
"Health Building Note 00-08: Strategic framework for the efficient management of healthcare estates and facilities","2013-11-05T14:36:07+0000","https://www.england.nhs.uk/publication/the-efficient-management-of-healthcare-estates-and-facilities-hbn-00-08","https://www.england.nhs.uk/wp-content/uploads/2021/05/HBN_08_Part_B.pdf","Published 5 November 2014. Last updated 19 March 2015."
"Health Building Note 00-08: Strategic framework for the efficient management of healthcare estates and facilities","2013-11-05T14:36:07+0000","https://www.england.nhs.uk/publication/the-efficient-management-of-healthcare-estates-and-facilities-hbn-00-08","https://www.england.nhs.uk/wp-content/uploads/2021/05/hbn08-addend1.pdf","Published 5 November 2014. Last updated 19 March 2015."
"Health Building Note 00-08: Strategic framework for the efficient management of healthcare estates and facilities","2013-11-05T14:36:07+0000","https://www.england.nhs.uk/publication/the-efficient-management-of-healthcare-estates-and-facilities-hbn-00-08","https://www.england.nhs.uk/wp-content/uploads/2021/05/hbn08-addend2.pdf","Published 5 November 2014. Last updated 19 March 2015."
"Health Building Note 00-07: Planning for a resilient healthcare estate","2007-05-01T14:36:33+0100","https://www.england.nhs.uk/publication/resilience-planning-for-nhs-facilities-hbn-00-07","https://www.england.nhs.uk/wp-content/uploads/2021/05/HBN_00-07-250414.pdf","Health Building Note (HBN) 00-07 provides guidance on designing and planning for a resilient healthcare estate. It aims to help NHS-funded providers to determine appropriate levels of resilience for sites, buildings and installations against a wide range of emergencies, hazards and threats and their impacts and consequences including resilience to the impacts of climate change. Published 1 May 2007. Last updated 30 April 2014."
"Health Building Note 00-04: Circulation and communication spaces","2007-06-18T14:36:58+0100","https://www.england.nhs.uk/publication/designing-stairways-lifts-and-corridors-in-healthcare-buildings-hbn-00-04","https://www.england.nhs.uk/wp-content/uploads/2021/05/Health_Building_Note_00-04_-_Circulation_and_communication_spaces_-_updated_April_2013.pdf","This building note provides guidance on the design of circulation and communication spaces in hospitals and other healthcare buildings, including corridors, internal lobbies, stairs and lifts. It also provides information on designing and fitting doors and handrails. Circulation spaces provide access within hospital departments. Communication spaces allow access between departments and may include main hospital corridors (otherwise known as ‘streets’). This document replaces Volume 4 of Health Building Note 40 – ‘Common activity spaces’. Published 18 June 2007. Last updated 16 April 2013."
"Health Building Note 00-02: Sanitary spaces","2013-03-20T14:37:49+0000","https://www.england.nhs.uk/publication/designing-sanitary-spaces-like-bathrooms-hbn-00-02","https://www.england.nhs.uk/wp-content/uploads/2021/05/DH_HBN_0002.pdf","Room sizes have been standardised where possible. For areas where a standard room size is not appropriate, the guidance includes a sizing methodology suitable for briefing purposes. Most of the room layouts are supported by one or more ergonomic drawings. In places, the guidance differs from that provided in Approved Document M (2010) and BS 8300:2009. Where this is the case, the reasons for the variations are discussed. Sections covering grabrails and semi-ambulant toilets have been reinstated, and the guidance on ‘changing rooms with toilet’ (and accompanying drawings) has now been replaced with a new section on the provision of a ‘Changing Places’ WC. Published 20 March 2013. Last updated 25 May 2016."
"Health Building Note 00-03: Clinical and Clinical support spaces","2013-03-20T14:37:19+0000","https://www.england.nhs.uk/publication/designing-generic-clinical-and-clinical-support-spaces-hbn-00-03","https://www.england.nhs.uk/wp-content/uploads/2021/05/HBN_00-03_Final.pdf","Includes detailed drawings that show the ideal spacing and layout of rooms. In places, the guidance differs from that provided in Approved Document M (2010) and BS 8300:2001 (2009 edition). Where this is the case, the reasons for the variations are discussed. Published 20 March 2013."
"Health Building Note 00-01: General design guidance for healthcare buildings","2013-03-20T14:38:13+0000","https://www.england.nhs.uk/publication/designing-health-and-community-care-buildings-hbn-00-01","https://www.england.nhs.uk/wp-content/uploads/2021/05/HBN_00-01-2.pdf","This Health Building Note (HBN) gives general design guidance for healthcare buildings. It provides an overall picture of the design issues and future-proofing requirements that need to be addressed in a healthcare capital project. Because of its general nature, its content will be familiar to experienced architects and healthcare planners. It is intended particularly for: those who are new to this work patients or their advocates who may be requested to become involved commissioning organisations and regulators Published 20 March 2013. Last updated 3 June 2014."
"Health Technical Memorandum 07-07: Sustainable health and social care buildings","2013-03-20T14:42:49+0000","https://www.england.nhs.uk/publication/building-planning-and-construction-in-the-health-sector-htm-07-07","https://www.england.nhs.uk/wp-content/uploads/2021/05/HTM_07-07_Final.pdf","This guidance (HTM 07-07) looks at the main issues that should be addressed throughout a building’s life – highlighting key actions, commitments and responsibilities at every stage. It also explores the reuse of existing buildings and provides advice on possibilities for sustainable refurbishment. Published 20 March 2013."
"Health Technical Memorandum 07-04: Water management and water efficiency – best practice advice for the healthcare sector","2013-03-20T14:43:13+0000","https://www.england.nhs.uk/publication/water-management-and-water-efficiency-htm-07-04","https://www.england.nhs.uk/wp-content/uploads/2021/05/HTM_07-04_Final.pdf","This guidance (HTM 07-04) is relevant to all healthcare facilities, not just hospitals. Its principal remit is to encourage the efficient management of water and to promote the economic and environmental benefits of doing so. Additionally, it examines water-management decisions in the context of: patient health and well-being social and behavioural aspects available and appropriate technology Published 20 March 2013."
"Health Technical Memorandum 07-03: NHS car-parking management: environment and sustainability","2015-03-25T14:43:41+0000","https://www.england.nhs.uk/publication/nhs-car-parking-management-htm-07-03","https://www.england.nhs.uk/wp-content/uploads/2021/05/HTM0703NovemberUpdated.pdf","The Department of Health’s car-parking principles provide ground rules that will help manage car parking provision in the NHS and improve patient experience across the NHS. HTM 07-03 provides guidance that will help NHS organisations put these principles into practice. Published 25 March 2015. Last updated 3 December 2015."
"Health Technical Memorandum 07-02: EnCO2de 2015 – making energy work in healthcare","2015-03-25T14:44:05+0000","https://www.england.nhs.uk/publication/making-energy-work-in-healthcare-htm-07-02","https://www.england.nhs.uk/wp-content/uploads/2021/05/HTM_07-02_Part_A_FINAL.pdf","Published 25 March 2015."
"Health Technical Memorandum 07-02: EnCO2de 2015 – making energy work in healthcare","2015-03-25T14:44:05+0000","https://www.england.nhs.uk/publication/making-energy-work-in-healthcare-htm-07-02","https://www.england.nhs.uk/wp-content/uploads/2021/05/HTM_07-02_Part_B_FINAL.pdf","Published 25 March 2015."
"Health Technical Memorandum 07-01: Safe and sustainable management of healthcare waste","2013-03-20T14:44:45+0000","https://www.england.nhs.uk/publication/management-and-disposal-of-healthcare-waste-htm-07-01","https://www.england.nhs.uk/wp-content/uploads/2021/05/B2159iii-health-technical-memorandum-07-01.pdf","HTM 07-01 (2023 version) replaces the previous 2013 edition and details the environmental benefits of the safe management and disposal of healthcare waste, It also presents opportunities for cost savings, safer working practices and reducing carbon emissions related to the management of waste. Updated 7 March 2023."
"Health Technical Memorandum 06-03: Electrical safety guidance for high voltage systems","2021-05-21T14:45:19+0100","https://www.england.nhs.uk/publication/electrical-safety-guidance-for-high-voltage-systems-in-healthcare-premises-htm-06-03","https://www.england.nhs.uk/wp-content/uploads/2021/05/PRN00620-htm-06-03-electrical-safety-guidance-for-high-voltage-system-oct-vf5.pdf","General guidance in this HTM applies to all healthcare facilities containing a high voltage electrical system. It will be of interest and practical help to those involved in the, operation and maintenance of electrical systems and equipment. Updated 11 October 2023."
"Health Technical Memorandum 06-02: Electrical safety guidance for low voltage systems","2021-05-21T14:46:02+0100","https://www.england.nhs.uk/publication/electrical-safety-guidance-for-low-voltage-systems-htm-06-02","https://www.england.nhs.uk/wp-content/uploads/2021/05/PRN00620-htm-06-02-electrical-safety-guidance-for-low-voltage-system-vf5.pdf","The guidance is intended to assist duty holders in meeting the requirements of the Electricity at Work Regulations, which detail the precautions to be taken against risk of death or personal injury from electricity in work activities. It will be of interest and practical help to those involved in the operation and maintenance of electrical systems and equipment. Updated 11 October 2023."
"Health Technical Memorandum 06-02: Electrical safety guidance for low voltage systems","2021-05-21T14:46:02+0100","https://www.england.nhs.uk/publication/electrical-safety-guidance-for-low-voltage-systems-htm-06-02","https://www.england.nhs.uk/wp-content/uploads/2021/05/PRN00620-htm-06-02-electrical-safety-handbook-vf5.pdf","Published 11 October 2023."
"Health Technical Memorandum 06-01: Electrical services supply and distribution","2007-02-01T14:47:49+0000","https://www.england.nhs.uk/publication/electrical-services-supply-and-distribution-htm-06-01","https://www.england.nhs.uk/wp-content/uploads/2021/05/Health_tech_memo_0601.pdf","This document tells you about the legal requirements, design applications, operation and maintenance of the electrical infrastructure within healthcare premises. The guidance is for: healthcare managers electrical safety groups design engineers estate managers operations managers contractors supply chain businesses It should be read in conjunction with BS7671 . It is equally applicable to both new and existing sites. Published 1 February 2007. Last updated 11 April 2017."
"Health Technical Memorandum 05-03: Firecode – Fire Safety in the NHS – Operational provisions","2008-08-04T14:02:16+0100","https://www.england.nhs.uk/publication/fire-safety-in-the-nhs-health-technical-memorandum-05-03","https://www.england.nhs.uk/wp-content/uploads/2008/08/htm-05-03-operational-provisions-part-a-training.pdf","Published 4 August 2008 and updated 12 March 2024."
"Health Technical Memorandum 05-03: Firecode – Fire Safety in the NHS – Operational provisions","2008-08-04T14:02:16+0100","https://www.england.nhs.uk/publication/fire-safety-in-the-nhs-health-technical-memorandum-05-03","https://www.england.nhs.uk/wp-content/uploads/2008/08/Health-technical-memorandum-05-03-operational-provisions-part-B-fire-detection-and-alarm-systems-including-the.pdf","Published 11 October 2006 and updated 12 March 2024."
"Health Technical Memorandum 05-03: Firecode – Fire Safety in the NHS – Operational provisions","2008-08-04T14:02:16+0100","https://www.england.nhs.uk/publication/fire-safety-in-the-nhs-health-technical-memorandum-05-03","https://www.england.nhs.uk/wp-content/uploads/2021/05/HTM_05-03_Part_C.pdf","Published 5 June 2007."
"Health Technical Memorandum 05-03: Firecode – Fire Safety in the NHS – Operational provisions","2008-08-04T14:02:16+0100","https://www.england.nhs.uk/publication/fire-safety-in-the-nhs-health-technical-memorandum-05-03","https://www.england.nhs.uk/wp-content/uploads/2021/05/HTM_05-03_Part_D_Final.pdf","Published 2 June 2006."
"Health Technical Memorandum 05-03: Firecode – Fire Safety in the NHS – Operational provisions","2008-08-04T14:02:16+0100","https://www.england.nhs.uk/publication/fire-safety-in-the-nhs-health-technical-memorandum-05-03","https://www.england.nhs.uk/wp-content/uploads/2021/05/HTM_05-03_Part_E.pdf","Published 1 August 2006."
"Health Technical Memorandum 05-03: Firecode – Fire Safety in the NHS – Operational provisions","2008-08-04T14:02:16+0100","https://www.england.nhs.uk/publication/fire-safety-in-the-nhs-health-technical-memorandum-05-03","https://www.england.nhs.uk/wp-content/uploads/2021/05/HTM_05-03_Part_F_Final.pdf","Published 31 July 2008."
"Health Technical Memorandum 05-03: Firecode – Fire Safety in the NHS – Operational provisions","2008-08-04T14:02:16+0100","https://www.england.nhs.uk/publication/fire-safety-in-the-nhs-health-technical-memorandum-05-03","https://www.england.nhs.uk/wp-content/uploads/2021/05/HTM_05-03_Part_G.pdf","Published 13 December 2006."
"Health Technical Memorandum 05-03: Firecode – Fire Safety in the NHS – Operational provisions","2008-08-04T14:02:16+0100","https://www.england.nhs.uk/publication/fire-safety-in-the-nhs-health-technical-memorandum-05-03","https://www.england.nhs.uk/wp-content/uploads/2021/05/HTM_05-03_Part_J.pdf","Published 8 January 2008."
"Health Technical Memorandum 05-03: Firecode – Fire Safety in the NHS – Operational provisions","2008-08-04T14:02:16+0100","https://www.england.nhs.uk/publication/fire-safety-in-the-nhs-health-technical-memorandum-05-03","https://www.england.nhs.uk/wp-content/uploads/2008/08/htm-0503-part-k-guidance-on-fire-risk-assessments-in-complex-healthcare-premises.pdf","Published 30 April 2024. Primary and secondary fire risk assessment templates are included in the main document and also provided as separate downloads below, to allow users to complete and customise the assessments according to their specific healthcare facility or situation. For convenience and ease of updating, these editable Word templates should be used when conducting and documenting fire risk assessments for complex healthcare premises."
"Health Technical Memorandum 05-03: Firecode – Fire Safety in the NHS – Operational provisions","2008-08-04T14:02:16+0100","https://www.england.nhs.uk/publication/fire-safety-in-the-nhs-health-technical-memorandum-05-03","https://www.england.nhs.uk/wp-content/uploads/2008/08/htm-0503-part-k-appendix-e-primary-fra.docx","Word template."
"Health Technical Memorandum 05-03: Firecode – Fire Safety in the NHS – Operational provisions","2008-08-04T14:02:16+0100","https://www.england.nhs.uk/publication/fire-safety-in-the-nhs-health-technical-memorandum-05-03","https://www.england.nhs.uk/wp-content/uploads/2008/08/htm-0503-part-k-appendix-f-secondary-fra.docx","Word template."
"Health Technical Memorandum 05-03: Firecode – Fire Safety in the NHS – Operational provisions","2008-08-04T14:02:16+0100","https://www.england.nhs.uk/publication/fire-safety-in-the-nhs-health-technical-memorandum-05-03","https://www.england.nhs.uk/wp-content/uploads/2021/05/HTM_05-03_Part_M_Final.pdf","Published 2013."
"Health Technical Memorandum 05-02: Firecode – Guidance in support of functional provisions (Fire safety in the design of healthcare premises)","2007-01-02T14:48:35+0000","https://www.england.nhs.uk/publication/fire-safety-in-the-design-of-healthcare-premises-htm-05-02","https://www.england.nhs.uk/wp-content/uploads/2021/05/HTM_05-02_2015.pdf","This document reflects the changes in legislation, structure of the NHS, and government policy. The guidance will help statutory regulations to be applied correctly so they meet the requirements of Part B of Schedule 1 of the 2010 Building Regulations. Published 2 January 2007. Last updated 4 November 2015."
"Health Technical Memorandum 05-01: Managing Healthcare Fire Safety","2016-07-18T14:49:19+0100","https://www.england.nhs.uk/publication/managing-healthcare-fire-safety-htm-05-01","https://www.england.nhs.uk/wp-content/uploads/2021/05/HTM_05-01.pdf","While Heath Technical Memoranda 05-02 and 05-03 provide guidance in respect of the fire precautions and protective measures appropriate for healthcare premises, this Health Technical Memorandum is intended to assist in determining the appropriate fire safety management system to be applied to healthcare organisations. It sets out guidance that recognises the nature of healthcare organisations and the need for a robust system of fire safety management. The guidance and recommendations contained in this Health Technical Memorandum should allow the current statutory regulations to be applied sensibly within a framework of understanding Published 18 July 2006. Last updated 23 April 2013."
"Health Technical Memorandum 04-01: Safe water in healthcare premises","2016-05-20T13:59:21+0100","https://www.england.nhs.uk/publication/safe-water-in-healthcare-premises-htm-04-01","https://www.england.nhs.uk/wp-content/uploads/2021/05/DH_HTM_0401_PART_A_acc.pdf","The guidance is for: healthcare management water safety groups design engineers estate managers operations managers contractors supply chain businesses It also provides advice and guidance on the control and management of the risk posed by Legionella, Pseudomonas aeruginosa and other water borne pathogens within a healthcare setting. Part A covers the design, installation and commissioning. Part B covers operational management. Part C focuses on specific additional measures that should be taken to control and minimise the risk of Pseudomonas aeruginosa in augmented care units. It should be read in conjunction with the HSE’s Approved Code of Practice (L8) and HSG274 Part 2. It is equally applicable to both new and existing sites. Published 20 May 2016."
"Health Technical Memorandum 04-01: Safe water in healthcare premises","2016-05-20T13:59:21+0100","https://www.england.nhs.uk/publication/safe-water-in-healthcare-premises-htm-04-01","https://www.england.nhs.uk/wp-content/uploads/2021/05/DH_HTM_0401_PART_B_acc.pdf","Published 20 May 2016."
"Health Technical Memorandum 04-01: Safe water in healthcare premises","2016-05-20T13:59:21+0100","https://www.england.nhs.uk/publication/safe-water-in-healthcare-premises-htm-04-01","https://www.england.nhs.uk/wp-content/uploads/2021/05/DH_HTM_0401_PART_C_acc.pdf","Published 20 May 2016."
"Health Technical Memorandum 04-01: Safe water in healthcare premises","2016-05-20T13:59:21+0100","https://www.england.nhs.uk/publication/safe-water-in-healthcare-premises-htm-04-01","https://www.england.nhs.uk/wp-content/uploads/2021/05/Health_tech_memo_0401_supp_D08.pdf","Published 20 May 2016."
"Health Technical Memorandum 03-01: Specialised ventilation for healthcare premises","2021-06-22T13:58:45+0100","https://www.england.nhs.uk/publication/specialised-ventilation-for-healthcare-buildings","https://www.england.nhs.uk/wp-content/uploads/2021/05/HTM0301-PartA-accessible-F6.pdf","The guidance contained in Part A of this Health Technical Memorandum applies to new installations and major refurbishments of existing installations and should be considered as the standard to be achieved. Published 22 June 2021."
"Health Technical Memorandum 03-01: Specialised ventilation for healthcare premises","2021-06-22T13:58:45+0100","https://www.england.nhs.uk/publication/specialised-ventilation-for-healthcare-buildings","https://www.england.nhs.uk/wp-content/uploads/2021/05/HTM0301-PartB-accessible-F6.pdf","Published 22 June 2021. The guidance contained in Part A of this Health Technical Memorandum applies to new installations and major refurbishments of existing installations and should be considered as the standard to be achieved."
"Health Technical Memorandum 00: Policies and principles of healthcare engineering","2014-04-01T13:57:08+0100","https://www.england.nhs.uk/publication/building-engineering-in-the-health-sector-htm-00","https://www.england.nhs.uk/wp-content/uploads/2021/05/HTM_00.pdf","Published 1 April 2014."
"Health Technical Memorandum 02-01: Medical gas pipeline systems","2016-05-01T13:57:54+0100","https://www.england.nhs.uk/publication/nhs-estates-guidance-for-medical-gas-pipeline-systems-htm-02-01","https://www.england.nhs.uk/wp-content/uploads/2021/05/HTM_02-01_Part_A.pdf","The guidance contains: guidance on the design, installation, validation and verification management of medical gas pipeline systems guidance on dental compressed air and vacuum systems. Published 1 May 2006."
"Health Technical Memorandum 02-01: Medical gas pipeline systems","2016-05-01T13:57:54+0100","https://www.england.nhs.uk/publication/nhs-estates-guidance-for-medical-gas-pipeline-systems-htm-02-01","https://www.england.nhs.uk/wp-content/uploads/2021/05/HTM_02-01_Part_B.pdf","Published 1 May 2006"
"Health Technical Memorandum 02-01: Medical gas pipeline systems","2016-05-01T13:57:54+0100","https://www.england.nhs.uk/publication/nhs-estates-guidance-for-medical-gas-pipeline-systems-htm-02-01","https://www.england.nhs.uk/wp-content/uploads/2021/05/HTM_2022_S1.pdf","Published 1 May 2006"
